Country,GDPDispersion,Income Dispersion (I am unsure about Eurostat income data).,"GDP Theil Index (unsafe, do not use without verification).","Income Theil Index (unsafe, do not use without verification).",Year,RegionsConsideredForIncome,RegionsConsideredForGDP
BE,NaN,10.5,NaN,0.01012,1995,0,11
BE,NaN,10.8,NaN,0.01082,1996,0,11
BE,NaN,11.2,NaN,0.0114,1997,0,11
BE,NaN,11.5,NaN,0.01198,1998,0,11
BE,NaN,11.5,NaN,0.01165,1999,0,11
BE,25,11.4,0.00524,0.01183,2000,0,11
BE,25.3,11.8,0.00535,0.01195,2001,0,11
BE,25.2,12,0.00534,0.01176,2002,0,11
BE,24.7,11.3,0.00508,0.01023,2003,0,11
BE,25.2,11.4,0.00512,0.01022,2004,0,11
BE,25.9,11.7,0.00524,0.01024,2005,0,11
BE,25,11.5,0.00484,0.00966,2006,0,11
BE,24.6,11.4,0.00468,0.00931,2007,0,11
BE,24.3,11.6,0.00442,0.00947,2008,0,11
BE,25.4,11.7,0.0049,0.0098,2009,0,11
BE,25.2,11.9,0.00478,0.00978,2010,0,11
BE,24.4,12,0.00456,0.00977,2011,0,11
BE,24.8,12.3,0.00461,0.01023,2012,0,11
BE,24.7,12.2,0.00453,0.00996,2013,0,11
BE,24.5,12.3,0.0045,0.01007,2014,0,11
BE,24.9,12.6,0.00455,0.01045,2015,0,11
BE,24.8,12.3,0.00443,0.01003,2016,0,11
BE,24.4,12.1,0.00431,0.00971,2017,0,11
BE,24.2,NaN,0.00423,NaN,2018,0,11
BG,NaN,NaN,NaN,NaN,1995,0,0
BG,NaN,NaN,NaN,NaN,1996,0,0
BG,NaN,NaN,NaN,NaN,1997,0,0
BG,NaN,NaN,NaN,NaN,1998,0,0
BG,NaN,NaN,NaN,NaN,1999,0,0
BG,19.1,16,0.00417,0.01544,2000,0,6
BG,21,19.6,0.00473,0.01885,2001,0,6
BG,23.7,16.8,0.00587,0.01616,2002,0,6
BG,24.6,14.7,0.00619,0.01214,2003,0,6
BG,26,15.2,0.00683,0.01279,2004,0,6
BG,26.9,14.2,0.00733,0.01324,2005,0,6
BG,31.4,14.9,0.00979,0.0138,2006,0,6
BG,35.8,18.5,0.0124,0.01534,2007,0,6
BG,37.2,20.9,0.01339,0.02156,2008,0,6
BG,38.7,23.9,0.01437,0.02752,2009,0,6
BG,40.1,27.8,0.01536,0.03676,2010,0,6
BG,38.2,25.3,0.01388,0.03443,2011,0,6
BG,36.6,31,0.01285,0.04799,2012,0,6
BG,36.1,32.2,0.01254,0.04919,2013,0,6
BG,35.6,33.3,0.01227,0.05261,2014,0,6
BG,37.2,33,0.01323,0.05165,2015,0,6
BG,36.5,35.1,0.01289,0.05774,2016,0,6
BG,36.6,36.8,0.01284,0.06463,2017,0,6
BG,36.9,NaN,0.01275,NaN,2018,0,6
CZ,NaN,6.5,NaN,0.00387,1995,0,8
CZ,NaN,6.8,NaN,0.0047,1996,0,8
CZ,NaN,6.9,NaN,0.00506,1997,0,8
CZ,NaN,8.1,NaN,0.00641,1998,0,8
CZ,NaN,9.7,NaN,0.0087,1999,0,8
CZ,22.5,10.4,0.00653,0.0101,2000,0,8
CZ,23.5,10.4,0.00709,0.01095,2001,0,8
CZ,24.1,11.9,0.00747,0.01367,2002,0,8
CZ,25.2,13.1,0.00801,0.01579,2003,0,8
CZ,25.1,12.5,0.00795,0.01505,2004,0,8
CZ,25.9,12.2,0.00832,0.01457,2005,0,8
CZ,26,12.8,0.0084,0.01562,2006,0,8
CZ,27,12.6,0.00894,0.01501,2007,0,8
CZ,27.4,11.7,0.00912,0.01328,2008,0,8
CZ,27,11.9,0.0088,0.01271,2009,0,8
CZ,27.3,13.5,0.00892,0.01574,2010,0,8
CZ,26.1,12.6,0.00826,0.01331,2011,0,8
CZ,25.8,12.1,0.0081,0.01243,2012,0,8
CZ,25.7,11.7,0.00809,0.01248,2013,0,8
CZ,24.5,11.4,0.00745,0.01218,2014,0,8
CZ,26.4,10.5,0.00843,0.01096,2015,0,8
CZ,26.2,11.5,0.00836,0.01116,2016,0,8
CZ,26.5,10.4,0.00845,0.0105,2017,0,8
CZ,27.1,NaN,0.00877,NaN,2018,0,8
DK,NaN,NaN,NaN,NaN,1995,0,0
DK,NaN,NaN,NaN,NaN,1996,0,0
DK,NaN,NaN,NaN,NaN,1997,0,0
DK,NaN,NaN,NaN,NaN,1998,0,0
DK,NaN,NaN,NaN,NaN,1999,0,0
DK,15.3,8.2,0.00324,0.00345,2000,0,5
DK,15.1,8.2,0.00316,0.00345,2001,0,5
DK,13.6,8.3,0.00264,0.00357,2002,0,5
DK,14.1,7.8,0.00277,0.00328,2003,0,5
DK,15.6,7.5,0.00322,0.00306,2004,0,5
DK,17.9,7.5,0.00405,0.00322,2005,0,5
DK,15.1,7.1,0.00312,0.00284,2006,0,5
DK,14.9,7.1,0.00317,0.00277,2007,0,5
DK,16,7.6,0.0037,0.00316,2008,0,5
DK,16,8.5,0.00371,0.00386,2009,0,5
DK,18.3,8.8,0.00442,0.00404,2010,0,5
DK,16.7,8.7,0.00389,0.00381,2011,0,5
DK,17.5,8.9,0.00407,0.00385,2012,0,5
DK,18.1,8.8,0.00438,0.00377,2013,0,5
DK,18.9,9.5,0.0047,0.00436,2014,0,5
DK,20,9.6,0.00497,0.00457,2015,0,5
DK,18.9,9.7,0.00466,0.00459,2016,0,5
DK,19.1,9.3,0.00474,0.0042,2017,0,5
DK,19,9.6,0.00462,0.0045,2018,0,5
DE,NaN,NaN,NaN,NaN,1995,0,0
DE,NaN,NaN,NaN,NaN,1996,0,0
DE,NaN,NaN,NaN,NaN,1997,0,0
DE,NaN,NaN,NaN,NaN,1998,0,0
DE,NaN,NaN,NaN,NaN,1999,0,0
DE,19.7,13.7,0.00087,0.01479,2000,0,38
DE,20.3,13.8,0.0009,0.015,2001,0,38
DE,20.4,13.7,0.00088,0.01424,2002,0,38
DE,20.1,13.5,0.00085,0.01374,2003,0,38
DE,19.9,13.1,0.00083,0.01292,2004,0,38
DE,19.5,13.4,0.00082,0.01381,2005,0,38
DE,19.3,13.5,0.00079,0.01403,2006,0,38
DE,19.4,13.4,0.00078,0.01373,2007,0,38
DE,18.7,13,0.00072,0.01277,2008,0,38
DE,18.2,12,0.00069,0.0112,2009,0,38
DE,17.8,12.1,0.00067,0.01115,2010,0,38
DE,17.7,12.1,0.00066,0.01168,2011,0,38
DE,17.4,12.2,0.00064,0.0118,2012,0,38
DE,17.4,12.1,0.00064,0.01165,2013,0,38
DE,16.9,12.1,0.00061,0.01165,2014,0,38
DE,17.2,12.1,0.00063,0.01157,2015,0,38
DE,17,12.2,0.00061,0.01148,2016,0,38
DE,16.9,11.9,0.00061,0.01121,2017,0,38
DE,16.7,NaN,0.0006,NaN,2018,0,38
EE,NaN,NaN,NaN,NaN,1995,0,0
EE,NaN,NaN,NaN,NaN,1996,0,0
EE,NaN,NaN,NaN,NaN,1997,0,0
EE,NaN,NaN,NaN,NaN,1998,0,0
EE,NaN,NaN,NaN,NaN,1999,0,0
EE,NaN,NaN,NaN,NaN,2000,0,0
EE,NaN,NaN,NaN,NaN,2001,0,0
EE,NaN,NaN,NaN,NaN,2002,0,0
EE,NaN,NaN,NaN,NaN,2003,0,0
EE,NaN,NaN,NaN,NaN,2004,0,0
EE,NaN,NaN,NaN,NaN,2005,0,0
EE,NaN,NaN,NaN,NaN,2006,0,0
EE,NaN,NaN,NaN,NaN,2007,0,0
EE,NaN,NaN,NaN,NaN,2008,0,0
EE,NaN,NaN,NaN,NaN,2009,0,0
EE,NaN,NaN,NaN,NaN,2010,0,0
EE,NaN,NaN,NaN,NaN,2011,0,0
EE,NaN,NaN,NaN,NaN,2012,0,0
EE,NaN,NaN,NaN,NaN,2013,0,0
EE,NaN,NaN,NaN,NaN,2014,0,0
EE,NaN,NaN,NaN,NaN,2015,0,0
EE,NaN,NaN,NaN,NaN,2016,0,0
EE,NaN,NaN,NaN,NaN,2017,0,0
EE,NaN,NaN,NaN,NaN,2018,0,0
IE,NaN,NaN,NaN,NaN,1995,0,0
IE,NaN,NaN,NaN,NaN,1996,0,0
IE,NaN,NaN,NaN,NaN,1997,0,0
IE,NaN,NaN,NaN,NaN,1998,0,0
IE,NaN,NaN,NaN,NaN,1999,0,0
IE,16.1,12.9,0.00374,0.01052,2000,0,5
IE,14.3,13.6,0.0034,0.01204,2001,0,5
IE,13.7,13,0.00306,0.01097,2002,0,5
IE,13.9,12,0.00313,0.00911,2003,0,5
IE,14.1,11.2,0.00294,0.00775,2004,0,5
IE,15.9,10.8,0.00359,0.00809,2005,0,5
IE,14.8,11.4,0.00307,0.00931,2006,0,5
IE,15.3,11.8,0.00347,0.01,2007,0,5
IE,16.1,12,0.00368,0.00943,2008,0,5
IE,16.6,11.1,0.00393,0.00709,2009,0,5
IE,17.2,10.9,0.00411,0.00691,2010,0,5
IE,14.5,12.5,0.00322,0.00991,2011,0,5
IE,15.1,12.4,0.00355,0.00937,2012,0,5
IE,19.2,12,0.00534,0.00994,2013,0,5
IE,20.7,12.4,0.00609,0.01034,2014,0,5
IE,18.7,12.3,0.01335,0.01009,2015,0,3
IE,23.7,11.7,0.00997,0.00897,2016,0,5
IE,21,11.5,0.01614,0.00861,2017,0,3
IE,22,NaN,0.01741,NaN,2018,0,3
EL,NaN,NaN,NaN,NaN,1995,0,0
EL,NaN,NaN,NaN,NaN,1996,0,0
EL,NaN,NaN,NaN,NaN,1997,0,0
EL,NaN,NaN,NaN,NaN,1998,0,0
EL,NaN,NaN,NaN,NaN,1999,0,0
EL,20.7,12.8,0.00181,0.01564,2000,0,13
EL,20.5,12.5,0.00178,0.0139,2001,0,13
EL,21.2,12.8,0.00195,0.01399,2002,0,13
EL,21.1,11.7,0.00194,0.01307,2003,0,13
EL,22.3,17.4,0.00215,0.00996,2004,0,13
EL,23.2,15.3,0.00231,0.0067,2005,0,13
EL,24.3,16.9,0.0025,0.00616,2006,0,13
EL,24.7,16.8,0.00256,0.00634,2007,0,13
EL,25.1,15.8,0.00264,0.00571,2008,0,13
EL,26,15.9,0.00283,0.00536,2009,0,13
EL,26.3,16,0.00288,0.00731,2010,0,13
EL,26.4,16.5,0.00292,0.00862,2011,0,13
EL,26,16.6,0.00285,0.00875,2012,0,13
EL,26.6,16.8,0.00297,0.00893,2013,0,13
EL,26.4,16.8,0.00295,0.01342,2014,0,13
EL,25.8,16.7,0.00281,0.01451,2015,0,13
EL,25.6,17.1,0.00276,0.01683,2016,0,13
EL,25.6,16.9,0.0028,0.01282,2017,0,13
EL,25.3,NaN,0.00272,NaN,2018,0,13
ES,NaN,NaN,NaN,NaN,1995,0,0
ES,NaN,NaN,NaN,NaN,1996,0,0
ES,NaN,NaN,NaN,NaN,1997,0,0
ES,NaN,NaN,NaN,NaN,1998,0,0
ES,NaN,NaN,NaN,NaN,1999,0,0
ES,20.4,20.2,0.00134,0.02022,2000,0,19
ES,20.2,20.1,0.00134,0.01987,2001,0,19
ES,19.6,19.6,0.00124,0.01871,2002,0,19
ES,19.1,19.1,0.00115,0.0171,2003,0,19
ES,18.8,18.9,0.00111,0.01643,2004,0,19
ES,18.6,18.9,0.00107,0.01579,2005,0,19
ES,18.8,19.1,0.00111,0.01598,2006,0,19
ES,18.6,18.9,0.00107,0.01582,2007,0,19
ES,18.7,19.2,0.00108,0.01653,2008,0,19
ES,19.1,19.5,0.00115,0.01614,2009,0,19
ES,19.1,19.8,0.00114,0.01645,2010,0,19
ES,19.5,20.2,0.00121,0.01753,2011,0,19
ES,20.3,20.8,0.0013,0.01866,2012,0,19
ES,20.5,20.8,0.00131,0.01811,2013,0,19
ES,20.9,21.2,0.00136,0.0188,2014,0,19
ES,20.8,21.3,0.00134,0.01889,2015,0,19
ES,21,21.5,0.00136,0.01909,2016,0,19
ES,20.6,21.2,0.00131,0.01894,2017,0,19
ES,20.4,NaN,0.00129,NaN,2018,0,19
FR,NaN,NaN,NaN,NaN,1995,0,0
FR,NaN,NaN,NaN,NaN,1996,0,0
FR,NaN,NaN,NaN,NaN,1997,0,0
FR,NaN,NaN,NaN,NaN,1998,0,0
FR,NaN,NaN,NaN,NaN,1999,0,0
FR,20.8,15.6,0.00136,0.03574,2000,0,27
FR,20.4,15.7,0.00132,0.0359,2001,0,27
FR,20.4,16.1,0.00133,0.03568,2002,0,27
FR,20,15.5,0.00128,0.03424,2003,0,27
FR,19.7,15.5,0.00123,0.03308,2004,0,27
FR,20,14.6,0.00125,0.02978,2005,0,27
FR,19.8,14.5,0.00121,0.0283,2006,0,27
FR,20.7,15.3,0.00132,0.02864,2007,0,27
FR,23.6,14.5,0.00165,0.02651,2008,0,27
FR,22.9,14.3,0.00158,0.02544,2009,0,27
FR,24.6,14.4,0.0018,0.02411,2010,0,27
FR,23.5,14.4,0.00166,0.02455,2011,0,27
FR,24,14.7,0.00173,0.02471,2012,0,27
FR,24.5,14.7,0.0018,0.02397,2013,0,27
FR,24.4,14.7,0.00177,0.02222,2014,0,27
FR,24.7,15,0.00181,0.02223,2015,0,27
FR,25.1,15.1,0.00186,0.02178,2016,0,27
FR,25.6,14.9,0.00194,0.02169,2017,0,27
FR,25.9,NaN,0.002,NaN,2018,0,27
HR,NaN,NaN,NaN,NaN,1995,0,0
HR,NaN,NaN,NaN,NaN,1996,0,0
HR,NaN,NaN,NaN,NaN,1997,0,0
HR,NaN,NaN,NaN,NaN,1998,0,0
HR,NaN,NaN,NaN,NaN,1999,0,0
HR,0.9,NaN,2E-05,NaN,2000,0,2
HR,2.2,NaN,0.00014,NaN,2001,0,2
HR,2.8,1.3,0.00023,0.00011,2002,0,2
HR,0.8,1.4,2E-05,0.00013,2003,0,2
HR,0.7,1.6,1E-05,0.00017,2004,0,2
HR,0.7,2.1,1E-05,0.00028,2005,0,2
HR,1.5,1.7,7E-05,0.00019,2006,0,2
HR,0.3,2.4,0,0.00038,2007,0,2
HR,1.6,3.1,7E-05,0.00065,2008,0,2
HR,1.7,2.1,9E-05,0.00029,2009,0,2
HR,2.6,2.1,0.0002,0.00028,2010,0,2
HR,2.8,3.8,0.00023,0.00097,2011,0,2
HR,2.5,4,0.00018,0.00104,2012,0,2
HR,2.5,3.1,0.00018,0.00064,2013,0,2
HR,1.9,2.3,0.0001,0.00034,2014,0,2
HR,2.3,1.8,0.00015,0.00021,2015,0,2
HR,2.2,2.1,0.00014,0.00027,2016,0,2
HR,1.9,2.1,0.0001,0.00028,2017,0,2
HR,2.1,NaN,0.00012,NaN,2018,0,2
IT,NaN,24.4,NaN,0.03738,1995,0,21
IT,NaN,24.3,NaN,0.03728,1996,0,21
IT,NaN,24,NaN,0.03525,1997,0,21
IT,NaN,23.6,NaN,0.03398,1998,0,21
IT,NaN,23.4,NaN,0.03263,1999,0,21
IT,24.1,23,0.00179,0.03195,2000,0,21
IT,23.8,22.4,0.00174,0.03031,2001,0,21
IT,23.9,22.3,0.00177,0.03002,2002,0,21
IT,23.8,22,0.00175,0.02805,2003,0,21
IT,23.9,22.4,0.00175,0.02878,2004,0,21
IT,23.5,22.1,0.0017,0.02779,2005,0,21
IT,23.1,22,0.00165,0.02722,2006,0,21
IT,23.3,22.2,0.00168,0.02749,2007,0,21
IT,23.4,22.1,0.00171,0.02794,2008,0,21
IT,22.6,21.6,0.00163,0.0275,2009,0,21
IT,23.4,21.9,0.00173,0.02907,2010,0,21
IT,23.8,22,0.0018,0.02915,2011,0,21
IT,23.1,22.1,0.0017,0.03002,2012,0,21
IT,23.4,22.3,0.00173,0.03087,2013,0,21
IT,23.9,22.4,0.0018,0.03133,2014,0,21
IT,23.6,22.4,0.00176,0.03083,2015,0,21
IT,24.2,22.5,0.00183,0.03135,2016,0,21
IT,24.2,22.9,0.00184,0.0326,2017,0,21
IT,24.1,22.8,0.00184,0.03246,2018,0,21
CY,NaN,NaN,NaN,NaN,1995,0,0
CY,NaN,NaN,NaN,NaN,1996,0,0
CY,NaN,NaN,NaN,NaN,1997,0,0
CY,NaN,NaN,NaN,NaN,1998,0,0
CY,NaN,NaN,NaN,NaN,1999,0,0
CY,NaN,NaN,NaN,NaN,2000,0,0
CY,NaN,NaN,NaN,NaN,2001,0,0
CY,NaN,NaN,NaN,NaN,2002,0,0
CY,NaN,NaN,NaN,NaN,2003,0,0
CY,NaN,NaN,NaN,NaN,2004,0,0
CY,NaN,NaN,NaN,NaN,2005,0,0
CY,NaN,NaN,NaN,NaN,2006,0,0
CY,NaN,NaN,NaN,NaN,2007,0,0
CY,NaN,NaN,NaN,NaN,2008,0,0
CY,NaN,NaN,NaN,NaN,2009,0,0
CY,NaN,NaN,NaN,NaN,2010,0,0
CY,NaN,NaN,NaN,NaN,2011,0,0
CY,NaN,NaN,NaN,NaN,2012,0,0
CY,NaN,NaN,NaN,NaN,2013,0,0
CY,NaN,NaN,NaN,NaN,2014,0,0
CY,NaN,NaN,NaN,NaN,2015,0,0
CY,NaN,NaN,NaN,NaN,2016,0,0
CY,NaN,NaN,NaN,NaN,2017,0,0
CY,NaN,NaN,NaN,NaN,2018,0,0
LV,NaN,NaN,NaN,NaN,1995,0,0
LV,NaN,NaN,NaN,NaN,1996,0,0
LV,NaN,NaN,NaN,NaN,1997,0,0
LV,NaN,NaN,NaN,NaN,1998,0,0
LV,NaN,NaN,NaN,NaN,1999,0,0
LV,NaN,NaN,NaN,NaN,2000,0,0
LV,NaN,NaN,NaN,NaN,2001,0,0
LV,NaN,NaN,NaN,NaN,2002,0,0
LV,NaN,NaN,NaN,NaN,2003,0,0
LV,NaN,NaN,NaN,NaN,2004,0,0
LV,NaN,NaN,NaN,NaN,2005,0,0
LV,NaN,NaN,NaN,NaN,2006,0,0
LV,NaN,NaN,NaN,NaN,2007,0,0
LV,NaN,NaN,NaN,NaN,2008,0,0
LV,NaN,NaN,NaN,NaN,2009,0,0
LV,NaN,NaN,NaN,NaN,2010,0,0
LV,NaN,NaN,NaN,NaN,2011,0,0
LV,NaN,NaN,NaN,NaN,2012,0,0
LV,NaN,NaN,NaN,NaN,2013,0,0
LV,NaN,NaN,NaN,NaN,2014,0,0
LV,NaN,NaN,NaN,NaN,2015,0,0
LV,NaN,NaN,NaN,NaN,2016,0,0
LV,NaN,NaN,NaN,NaN,2017,0,0
LV,NaN,NaN,NaN,NaN,2018,0,0
LT,NaN,NaN,NaN,NaN,1995,0,0
LT,NaN,NaN,NaN,NaN,1996,0,0
LT,NaN,NaN,NaN,NaN,1997,0,0
LT,NaN,NaN,NaN,NaN,1998,0,0
LT,NaN,NaN,NaN,NaN,1999,0,0
LT,9.6,4.8,0.00365,0.00185,2000,0,3
LT,10,6.8,0.00412,0.0039,2001,0,3
LT,11.3,4.6,0.00524,0.00184,2002,0,3
LT,11.5,7.3,0.00537,0.00435,2003,0,3
LT,11.4,9.7,0.00526,0.00742,2004,0,3
LT,11.7,10.8,0.00561,0.00904,2005,0,3
LT,12.9,10.9,0.00669,0.00904,2006,0,3
LT,13.8,13.3,0.00759,0.01308,2007,0,3
LT,12.6,11.9,0.00635,0.01057,2008,0,3
LT,12.3,10.1,0.00601,0.00766,2009,0,3
LT,12.3,10.2,0.00583,0.00769,2010,0,3
LT,11.2,9.5,0.00499,0.00658,2011,0,3
LT,11.6,9.8,0.00529,0.00693,2012,0,3
LT,12.2,11.7,0.00583,0.00965,2013,0,3
LT,12.5,12.6,0.00603,0.01089,2014,0,3
LT,12.6,13.8,0.0061,0.01285,2015,0,3
LT,12.6,17.6,0.0061,0.02013,2016,0,3
LT,24.5,18.2,0.01723,0.02105,2017,0,2
LT,25.9,NaN,0.01907,NaN,2018,0,2
LU,NaN,NaN,NaN,NaN,1995,0,0
LU,NaN,NaN,NaN,NaN,1996,0,0
LU,NaN,NaN,NaN,NaN,1997,0,0
LU,NaN,NaN,NaN,NaN,1998,0,0
LU,NaN,NaN,NaN,NaN,1999,0,0
LU,NaN,NaN,NaN,NaN,2000,0,0
LU,NaN,NaN,NaN,NaN,2001,0,0
LU,NaN,NaN,NaN,NaN,2002,0,0
LU,NaN,NaN,NaN,NaN,2003,0,0
LU,NaN,NaN,NaN,NaN,2004,0,0
LU,NaN,NaN,NaN,NaN,2005,0,0
LU,NaN,NaN,NaN,NaN,2006,0,0
LU,NaN,NaN,NaN,NaN,2007,0,0
LU,NaN,NaN,NaN,NaN,2008,0,0
LU,NaN,NaN,NaN,NaN,2009,0,0
LU,NaN,NaN,NaN,NaN,2010,0,0
LU,NaN,NaN,NaN,NaN,2011,0,0
LU,NaN,NaN,NaN,NaN,2012,0,0
LU,NaN,NaN,NaN,NaN,2013,0,0
LU,NaN,NaN,NaN,NaN,2014,0,0
LU,NaN,NaN,NaN,NaN,2015,0,0
LU,NaN,NaN,NaN,NaN,2016,0,0
LU,NaN,NaN,NaN,NaN,2017,0,0
LU,NaN,NaN,NaN,NaN,2018,0,0
HU,NaN,NaN,NaN,NaN,1995,0,0
HU,NaN,NaN,NaN,NaN,1996,0,0
HU,NaN,NaN,NaN,NaN,1997,0,0
HU,NaN,NaN,NaN,NaN,1998,0,0
HU,NaN,NaN,NaN,NaN,1999,0,0
HU,37,26.3,0.0092,0.03876,2000,0,9
HU,37.7,26.1,0.0093,0.03937,2001,0,9
HU,40.6,26.2,0.0106,0.03928,2002,0,9
HU,38.9,27.3,0.01004,0.04355,2003,0,9
HU,39.7,30.4,0.0104,0.05289,2004,0,9
HU,41.1,28.8,0.01104,0.04762,2005,0,9
HU,42.7,27.8,0.0119,0.04423,2006,0,9
HU,42.9,26.3,0.01206,0.03965,2007,0,9
HU,43.8,16.6,0.01245,0.01538,2008,0,9
HU,46.1,15.9,0.01354,0.01595,2009,0,9
HU,44.1,14.8,0.0126,0.01274,2010,0,9
HU,43.1,23,0.0121,0.03399,2011,0,9
HU,43.5,16.7,0.01227,0.01652,2012,0,9
HU,41.9,17.4,0.01135,0.01915,2013,0,9
HU,40.4,16.7,0.01081,0.01717,2014,0,9
HU,38,18.5,0.0097,0.02154,2015,0,9
HU,38.1,16.8,0.00982,0.01831,2016,0,9
HU,37.9,15.3,0.01314,0.01424,2017,0,8
HU,37.3,NaN,0.01301,NaN,2018,0,8
MT,NaN,NaN,NaN,NaN,1995,0,0
MT,NaN,NaN,NaN,NaN,1996,0,0
MT,NaN,NaN,NaN,NaN,1997,0,0
MT,NaN,NaN,NaN,NaN,1998,0,0
MT,NaN,NaN,NaN,NaN,1999,0,0
MT,NaN,NaN,NaN,NaN,2000,0,0
MT,NaN,NaN,NaN,NaN,2001,0,0
MT,NaN,NaN,NaN,NaN,2002,0,0
MT,NaN,NaN,NaN,NaN,2003,0,0
MT,NaN,NaN,NaN,NaN,2004,0,0
MT,NaN,NaN,NaN,NaN,2005,0,0
MT,NaN,NaN,NaN,NaN,2006,0,0
MT,NaN,NaN,NaN,NaN,2007,0,0
MT,NaN,NaN,NaN,NaN,2008,0,0
MT,NaN,NaN,NaN,NaN,2009,0,0
MT,NaN,NaN,NaN,NaN,2010,0,0
MT,NaN,NaN,NaN,NaN,2011,0,0
MT,NaN,NaN,NaN,NaN,2012,0,0
MT,NaN,NaN,NaN,NaN,2013,0,0
MT,NaN,NaN,NaN,NaN,2014,0,0
MT,NaN,NaN,NaN,NaN,2015,0,0
MT,NaN,NaN,NaN,NaN,2016,0,0
MT,NaN,NaN,NaN,NaN,2017,0,0
MT,NaN,NaN,NaN,NaN,2018,0,0
NL,NaN,NaN,NaN,NaN,1995,0,0
NL,NaN,NaN,NaN,NaN,1996,0,0
NL,NaN,NaN,NaN,NaN,1997,0,0
NL,NaN,NaN,NaN,NaN,1998,0,0
NL,NaN,NaN,NaN,NaN,1999,0,0
NL,15.5,7.8,0.00146,0.00622,2000,0,12
NL,15.6,7.9,0.00143,0.00623,2001,0,12
NL,16.2,7.8,0.00154,0.00581,2002,0,12
NL,15.8,7.7,0.00144,0.00556,2003,0,12
NL,15.9,7.6,0.00147,0.00532,2004,0,12
NL,16.1,7.5,0.00146,0.00512,2005,0,12
NL,15.8,7.6,0.00139,0.00514,2006,0,12
NL,15.7,7.9,0.00133,0.00567,2007,0,12
NL,15.6,7.5,0.00131,0.00494,2008,0,12
NL,15.5,8,0.00135,0.00496,2009,0,12
NL,15.2,8,0.00135,0.00535,2010,0,12
NL,14,7,0.00122,0.00459,2011,0,12
NL,14.7,7.3,0.0013,0.00486,2012,0,12
NL,14.9,7.3,0.00137,0.0051,2013,0,12
NL,14.4,7.3,0.00137,0.00509,2014,0,12
NL,14.4,6.5,0.00143,0.00369,2015,0,12
NL,14.1,6.8,0.00144,0.0039,2016,0,12
NL,14.4,7.1,0.00144,0.00442,2017,0,12
NL,14.4,NaN,0.00142,NaN,2018,0,12
AT,NaN,NaN,NaN,NaN,1995,0,0
AT,NaN,NaN,NaN,NaN,1996,0,0
AT,NaN,NaN,NaN,NaN,1997,0,0
AT,NaN,NaN,NaN,NaN,1998,0,0
AT,NaN,NaN,NaN,NaN,1999,0,0
AT,17,6.5,0.00247,0.00358,2000,0,9
AT,17.3,6.1,0.00253,0.00304,2001,0,9
AT,17.7,5.6,0.00257,0.00272,2002,0,9
AT,16.9,5,0.00234,0.00221,2003,0,9
AT,16,4.3,0.00207,0.00167,2004,0,9
AT,15.8,3.7,0.00205,0.00134,2005,0,9
AT,15.9,3.6,0.00204,0.00132,2006,0,9
AT,15,3.5,0.00181,0.00114,2007,0,9
AT,14.7,3.5,0.00183,0.00111,2008,0,9
AT,15.4,3.6,0.00193,0.00121,2009,0,9
AT,15.2,3.4,0.0019,0.00114,2010,0,9
AT,14.7,3.3,0.00175,0.00132,2011,0,9
AT,14.3,3.3,0.00161,0.00132,2012,0,9
AT,14.3,3.7,0.00154,0.00166,2013,0,9
AT,13.8,4,0.0014,0.0017,2014,0,9
AT,13.8,4.2,0.00137,0.00193,2015,0,9
AT,13.8,4.6,0.00138,0.00204,2016,0,9
AT,12.8,4.6,0.00118,0.00186,2017,0,9
AT,12.4,4.8,0.00112,0.00186,2018,0,9
PL,NaN,NaN,NaN,NaN,1995,0,0
PL,NaN,NaN,NaN,NaN,1996,0,0
PL,NaN,NaN,NaN,NaN,1997,0,0
PL,NaN,NaN,NaN,NaN,1998,0,0
PL,NaN,NaN,NaN,NaN,1999,0,0
PL,24,14.6,0.00231,0.02219,2000,0,23
PL,24.2,14.2,0.00234,0.02029,2001,0,23
PL,23.5,14.2,0.00223,0.02071,2002,0,23
PL,23.4,14.4,0.00217,0.02074,2003,0,23
PL,23.9,14,0.00217,0.01877,2004,0,23
PL,24.5,14.2,0.00235,0.0191,2005,0,23
PL,24.7,13.5,0.00238,0.01941,2006,0,23
PL,24.8,13.4,0.00238,0.01939,2007,0,23
PL,24.2,13,0.00223,0.01839,2008,0,23
PL,25.5,13.7,0.00244,0.01991,2009,0,23
PL,26.5,13.2,0.00264,0.0189,2010,0,23
PL,26.4,13.2,0.00257,0.0191,2011,0,23
PL,26.5,14.6,0.00262,0.02232,2012,0,23
PL,26.6,14.8,0.00265,0.02258,2013,0,23
PL,26.6,15.3,0.00266,0.02408,2014,0,23
PL,26.4,15.4,0.00262,0.0241,2015,0,23
PL,26.5,15,0.00263,0.02329,2016,0,23
PL,22.8,14.8,0.00335,0.02287,2017,0,17
PL,22.8,NaN,0.00341,NaN,2018,0,17
PT,NaN,17,NaN,0.01302,1995,0,7
PT,NaN,16.6,NaN,0.01177,1996,0,7
PT,NaN,17.8,NaN,0.013,1997,0,7
PT,NaN,19,NaN,0.01406,1998,0,7
PT,NaN,19.6,NaN,0.01479,1999,0,7
PT,22.9,19.7,0.00465,0.01481,2000,0,7
PT,22.3,19.1,0.00437,0.01379,2001,0,7
PT,22.9,19.5,0.00459,0.01352,2002,0,7
PT,22.9,19.3,0.00462,0.01324,2003,0,7
PT,23.5,18.4,0.0049,0.01164,2004,0,7
PT,23.4,19.1,0.00485,0.0126,2005,0,7
PT,23,19,0.00469,0.01237,2006,0,7
PT,22.8,19.3,0.00454,0.01296,2007,0,7
PT,23.1,19.4,0.00463,0.01265,2008,0,7
PT,22.7,18.4,0.00456,0.01131,2009,0,7
PT,22.1,18.6,0.00434,0.01172,2010,0,7
PT,21.6,18.1,0.00412,0.01123,2011,0,7
PT,20.3,17.8,0.00362,0.01089,2012,0,7
PT,20,17.5,0.00352,0.01075,2013,0,7
PT,19.2,16.5,0.00322,0.00984,2014,0,7
PT,18.1,15.5,0.00285,0.0089,2015,0,7
PT,17.8,15.5,0.00269,0.00928,2016,0,7
PT,17.8,15.4,0.00267,0.00956,2017,0,7
PT,17.6,NaN,0.00258,NaN,2018,0,7
RO,NaN,NaN,NaN,NaN,1995,0,0
RO,NaN,NaN,NaN,NaN,1996,0,0
RO,NaN,NaN,NaN,NaN,1997,0,0
RO,NaN,NaN,NaN,NaN,1998,0,0
RO,NaN,NaN,NaN,NaN,1999,0,0
RO,26,25.5,0.0089,0.0637,2000,0,8
RO,23.4,18.2,0.00729,0.03182,2001,0,8
RO,24.7,20.3,0.00775,0.04077,2002,0,8
RO,24.8,21.7,0.00774,0.04472,2003,0,8
RO,24.3,20.8,0.00786,0.04277,2004,0,8
RO,29.3,26.6,0.01094,0.07311,2005,0,8
RO,28.7,28.4,0.01047,0.08123,2006,0,8
RO,29.8,30,0.01123,0.09037,2007,0,8
RO,33.2,34.4,0.01352,0.11882,2008,0,8
RO,30.2,33.5,0.01138,0.11348,2009,0,8
RO,31.6,34.8,0.01208,0.11791,2010,0,8
RO,33.8,34.8,0.01401,0.11677,2011,0,8
RO,32,32.9,0.01236,0.09581,2012,0,8
RO,31.8,31.9,0.01242,0.09067,2013,0,8
RO,30.6,32.5,0.01196,0.09521,2014,0,8
RO,33.2,34.3,0.01334,0.10486,2015,0,8
RO,32.3,34.5,0.01251,0.10667,2016,0,8
RO,31.5,33.7,0.01221,0.10549,2017,0,8
RO,31.4,NaN,0.01204,NaN,2018,0,8
SI,NaN,NaN,NaN,NaN,1995,0,0
SI,NaN,NaN,NaN,NaN,1996,0,0
SI,NaN,NaN,NaN,NaN,1997,0,0
SI,NaN,NaN,NaN,NaN,1998,0,0
SI,NaN,NaN,NaN,NaN,1999,0,0
SI,17.3,11.2,0.00747,0.00628,2000,0,2
SI,17.8,11.2,0.0079,0.00624,2001,0,2
SI,17.7,10.3,0.00781,0.00534,2002,0,2
SI,19.6,11,0.00966,0.00598,2003,0,2
SI,19.6,10.8,0.0096,0.00583,2004,0,2
SI,19.6,9.6,0.00963,0.00465,2005,0,2
SI,20,8,0.01003,0.0032,2006,0,2
SI,20.1,7.7,0.01014,0.003,2007,0,2
SI,19.3,9.7,0.00937,0.00469,2008,0,2
SI,19.7,8.8,0.00974,0.00391,2009,0,2
SI,19.6,8.4,0.00965,0.00356,2010,0,2
SI,18.7,7.9,0.00877,0.00313,2011,0,2
SI,18.8,6.6,0.00886,0.00219,2012,0,2
SI,18.1,5.5,0.00818,0.00152,2013,0,2
SI,18,5,0.00808,0.00127,2014,0,2
SI,18,4.6,0.00816,0.00107,2015,0,2
SI,18.3,4.7,0.00842,0.00109,2016,0,2
SI,18.6,4.8,0.00865,0.00117,2017,0,2
SI,18.7,4.6,0.00879,0.00106,2018,0,2
SK,NaN,NaN,NaN,NaN,1995,0,0
SK,NaN,NaN,NaN,NaN,1996,0,0
SK,NaN,NaN,NaN,NaN,1997,0,0
SK,NaN,NaN,NaN,NaN,1998,0,0
SK,NaN,NaN,NaN,NaN,1999,0,0
SK,28.9,17.7,0.02073,0.05305,2000,0,4
SK,28.3,19.2,0.02008,0.06414,2001,0,4
SK,30,18,0.02214,0.05703,2002,0,4
SK,29.1,18.6,0.02149,0.06149,2003,0,4
SK,29,21.5,0.02143,0.07821,2004,0,4
SK,32.3,20.1,0.02607,0.07104,2005,0,4
SK,30.3,20,0.0245,0.07132,2006,0,4
SK,31.3,20,0.02558,0.07168,2007,0,4
SK,30.2,21.4,0.02351,0.07895,2008,0,4
SK,33.7,19.2,0.02832,0.06623,2009,0,4
SK,33.3,22.4,0.02759,0.08333,2010,0,4
SK,34,22.8,0.0289,0.08533,2011,0,4
SK,32.8,23.5,0.02694,0.08714,2012,0,4
SK,34.3,22.3,0.02878,0.07948,2013,0,4
SK,33.1,22.7,0.02681,0.08102,2014,0,4
SK,33.6,22.2,0.02707,0.07711,2015,0,4
SK,34.1,22.1,0.02766,0.07564,2016,0,4
SK,33.5,24.6,0.02641,0.08903,2017,0,4
SK,32.5,NaN,0.02482,NaN,2018,0,4
FI,NaN,NaN,NaN,NaN,1995,0,0
FI,NaN,NaN,NaN,NaN,1996,0,0
FI,NaN,NaN,NaN,NaN,1997,0,0
FI,NaN,NaN,NaN,NaN,1998,0,0
FI,NaN,NaN,NaN,NaN,1999,0,0
FI,20.4,17,0.00522,0.0184,2000,0,5
FI,20.9,16.6,0.00553,0.01764,2001,0,5
FI,19.5,16.3,0.00476,0.01757,2002,0,5
FI,18.3,15.7,0.00412,0.01682,2003,0,5
FI,18.2,15.4,0.0041,0.01622,2004,0,5
FI,18.3,15.6,0.00411,0.01474,2005,0,5
FI,19.1,14.6,0.00441,0.01135,2006,0,5
FI,19,14,0.00439,0.01062,2007,0,5
FI,19.1,14.4,0.00439,0.01292,2008,0,5
FI,21.2,15.7,0.00538,0.01557,2009,0,5
FI,21,15.2,0.0052,0.01425,2010,0,5
FI,18.7,14.9,0.00419,0.01378,2011,0,5
FI,18,14.6,0.00384,0.0126,2012,0,5
FI,19.1,13.8,0.00426,0.0118,2013,0,5
FI,18.3,14,0.00388,0.01178,2014,0,5
FI,19.5,14.5,0.0044,0.01292,2015,0,5
FI,19,14.5,0.00414,0.01245,2016,0,5
FI,18.5,13.8,0.00392,0.01039,2017,0,5
FI,17.5,NaN,0.00353,NaN,2018,0,5
SE,NaN,NaN,NaN,NaN,1995,0,0
SE,NaN,NaN,NaN,NaN,1996,0,0
SE,NaN,NaN,NaN,NaN,1997,0,0
SE,NaN,NaN,NaN,NaN,1998,0,0
SE,NaN,NaN,NaN,NaN,1999,0,0
SE,16.6,11.8,0.00253,0.00904,2000,0,8
SE,15.8,12.1,0.00234,0.00958,2001,0,8
SE,15.6,11,0.00223,0.0083,2002,0,8
SE,15.2,10.2,0.00215,0.00717,2003,0,8
SE,16.1,9.9,0.00237,0.00666,2004,0,8
SE,16.7,10.1,0.00253,0.00683,2005,0,8
SE,15.5,10.2,0.00223,0.00706,2006,0,8
SE,16.1,10,0.00235,0.00657,2007,0,8
SE,16,9.9,0.00233,0.00639,2008,0,8
SE,18.9,10.3,0.00318,0.0067,2009,0,8
SE,16.8,10.4,0.00256,0.00659,2010,0,8
SE,17.6,9.7,0.00278,0.00577,2011,0,8
SE,17.9,9.8,0.00281,0.00571,2012,0,8
SE,17.6,10.5,0.00274,0.00637,2013,0,8
SE,18.3,10.2,0.00292,0.00606,2014,0,8
SE,18.6,10.6,0.00305,0.00657,2015,0,8
SE,17.7,10.8,0.00279,0.00683,2016,0,8
SE,16.5,10.9,0.00245,0.00699,2017,0,8
SE,16.1,NaN,0.00234,NaN,2018,0,8
UK,NaN,NaN,NaN,NaN,1995,0,0
UK,NaN,NaN,NaN,NaN,1996,0,0
UK,NaN,NaN,NaN,NaN,1997,0,0
UK,NaN,NaN,NaN,NaN,1998,0,0
UK,NaN,NaN,NaN,NaN,1999,0,0
UK,23.4,16.4,0.00191,0.02693,2000,0,43
UK,23.1,16.7,0.00182,0.02724,2001,0,43
UK,22.9,16.4,0.00178,0.02542,2002,0,43
UK,22.6,16.2,0.0018,0.02514,2003,0,43
UK,22.3,16.4,0.00181,0.02659,2004,0,43
UK,23,17.2,0.00196,0.03072,2005,0,43
UK,22.9,17.9,0.00198,0.03408,2006,0,43
UK,24.4,18.5,0.00224,0.03886,2007,0,43
UK,24.7,18.6,0.00224,0.04094,2008,0,43
UK,24.9,18.8,0.00232,0.04151,2009,0,43
UK,25.2,18.5,0.00235,0.03958,2010,0,43
UK,25.5,18.3,0.00241,0.03769,2011,0,43
UK,25.9,19.2,0.00248,0.04155,2012,0,43
UK,26.1,20.2,0.00253,0.04757,2013,0,43
UK,26.8,20.3,0.00263,0.04912,2014,0,43
UK,26.6,21.3,0.0026,0.05182,2015,0,43
UK,26.7,21.7,0.00274,0.05211,2016,0,43
UK,27.8,21.7,0.00305,0.05096,2017,0,41
UK,27.7,21.7,0.00307,0.05185,2018,0,41
NO,NaN,NaN,NaN,NaN,1995,0,0
NO,NaN,NaN,NaN,NaN,1996,0,0
NO,NaN,NaN,NaN,NaN,1997,0,0
NO,NaN,NaN,NaN,NaN,1998,0,0
NO,NaN,NaN,NaN,NaN,1999,0,0
NO,NaN,NaN,NaN,NaN,2000,0,0
NO,NaN,NaN,NaN,NaN,2001,0,0
NO,NaN,NaN,NaN,NaN,2002,0,0
NO,NaN,NaN,NaN,NaN,2003,0,0
NO,NaN,NaN,NaN,NaN,2004,0,0
NO,NaN,NaN,NaN,NaN,2005,0,0
NO,NaN,NaN,NaN,NaN,2006,0,0
NO,NaN,NaN,NaN,NaN,2007,0,0
NO,18.2,NaN,0.0033,NaN,2008,0,7
NO,18.1,NaN,0.00323,NaN,2009,0,7
NO,18.1,NaN,0.00333,NaN,2010,0,7
NO,18.1,NaN,0.00332,NaN,2011,0,7
NO,18.4,NaN,0.00348,NaN,2012,0,7
NO,18.5,12.8,0.00352,0.0101,2013,0,7
NO,18.2,13.5,0.00343,0.01121,2014,0,7
NO,16.9,13.7,0.00303,0.01156,2015,0,7
NO,16.3,12.9,0.00298,0.01014,2016,0,7
NO,16.6,NaN,0.00301,NaN,2017,0,7
NO,NaN,NaN,NaN,NaN,2018,0,0
MK,NaN,NaN,NaN,NaN,1995,0,0
MK,NaN,NaN,NaN,NaN,1996,0,0
MK,NaN,NaN,NaN,NaN,1997,0,0
MK,NaN,NaN,NaN,NaN,1998,0,0
MK,NaN,NaN,NaN,NaN,1999,0,0
MK,NaN,NaN,NaN,NaN,2000,0,0
MK,NaN,NaN,NaN,NaN,2001,0,0
MK,NaN,NaN,NaN,NaN,2002,0,0
MK,NaN,NaN,NaN,NaN,2003,0,0
MK,NaN,NaN,NaN,NaN,2004,0,0
MK,NaN,NaN,NaN,NaN,2005,0,0
MK,NaN,NaN,NaN,NaN,2006,0,0
MK,NaN,NaN,NaN,NaN,2007,0,0
MK,NaN,NaN,NaN,NaN,2008,0,0
MK,NaN,NaN,NaN,NaN,2009,0,0
MK,NaN,NaN,NaN,NaN,2010,0,0
MK,NaN,NaN,NaN,NaN,2011,0,0
MK,NaN,NaN,NaN,NaN,2012,0,0
MK,NaN,NaN,NaN,NaN,2013,0,0
MK,NaN,NaN,NaN,NaN,2014,0,0
MK,NaN,NaN,NaN,NaN,2015,0,0
MK,NaN,NaN,NaN,NaN,2016,0,0
MK,NaN,NaN,NaN,NaN,2017,0,0
MK,NaN,NaN,NaN,NaN,2018,0,0
TR,NaN,NaN,NaN,NaN,1995,0,0
TR,NaN,NaN,NaN,NaN,1996,0,0
TR,NaN,NaN,NaN,NaN,1997,0,0
TR,NaN,NaN,NaN,NaN,1998,0,0
TR,NaN,NaN,NaN,NaN,1999,0,0
TR,NaN,NaN,NaN,NaN,2000,0,0
TR,NaN,NaN,NaN,NaN,2001,0,0
TR,NaN,NaN,NaN,NaN,2002,0,0
TR,NaN,NaN,NaN,NaN,2003,0,0
TR,39.4,NaN,0.00379,NaN,2004,0,26
TR,39.2,NaN,0.00376,NaN,2005,0,26
TR,39.8,NaN,0.00384,NaN,2006,0,26
TR,40.2,NaN,0.00391,NaN,2007,0,26
TR,39.6,NaN,0.00385,NaN,2008,0,26
TR,38.3,NaN,0.00366,NaN,2009,0,26
TR,36.4,NaN,0.00327,NaN,2010,0,26
TR,36.7,NaN,0.0033,NaN,2011,0,26
TR,36.1,NaN,0.00321,NaN,2012,0,26
TR,36.4,NaN,0.00325,NaN,2013,0,26
TR,35.7,NaN,0.00317,NaN,2014,0,26
TR,35.6,NaN,0.00319,NaN,2015,0,26
TR,35.6,NaN,0.0032,NaN,2016,0,26
TR,36.2,NaN,0.0033,NaN,2017,0,26
TR,36.2,NaN,0.00331,NaN,2018,0,26
ME,NaN,NaN,NaN,NaN,1995,0,0
ME,NaN,NaN,NaN,NaN,1996,0,0
ME,NaN,NaN,NaN,NaN,1997,0,0
ME,NaN,NaN,NaN,NaN,1998,0,0
ME,NaN,NaN,NaN,NaN,1999,0,0
ME,NaN,NaN,NaN,NaN,2000,0,0
ME,NaN,NaN,NaN,NaN,2001,0,0
ME,NaN,NaN,NaN,NaN,2002,0,0
ME,NaN,NaN,NaN,NaN,2003,0,0
ME,NaN,NaN,NaN,NaN,2004,0,0
ME,NaN,NaN,NaN,NaN,2005,0,0
ME,NaN,NaN,NaN,NaN,2006,0,0
ME,NaN,NaN,NaN,NaN,2007,0,0
ME,NaN,NaN,NaN,NaN,2008,0,0
ME,NaN,NaN,NaN,NaN,2009,0,0
ME,NaN,NaN,NaN,NaN,2010,0,0
ME,NaN,NaN,NaN,NaN,2011,0,0
ME,NaN,NaN,NaN,NaN,2012,0,0
ME,NaN,NaN,NaN,NaN,2013,0,0
ME,NaN,NaN,NaN,NaN,2014,0,0
ME,NaN,NaN,NaN,NaN,2015,0,0
ME,NaN,NaN,NaN,NaN,2016,0,0
ME,NaN,NaN,NaN,NaN,2017,0,0
ME,NaN,NaN,NaN,NaN,2018,0,0
AL,NaN,NaN,NaN,NaN,1995,0,0
AL,NaN,NaN,NaN,NaN,1996,0,0
AL,NaN,NaN,NaN,NaN,1997,0,0
AL,NaN,NaN,NaN,NaN,1998,0,0
AL,NaN,NaN,NaN,NaN,1999,0,0
AL,NaN,NaN,NaN,NaN,2000,0,0
AL,NaN,NaN,NaN,NaN,2001,0,0
AL,NaN,NaN,NaN,NaN,2002,0,0
AL,NaN,NaN,NaN,NaN,2003,0,0
AL,NaN,NaN,NaN,NaN,2004,0,0
AL,NaN,NaN,NaN,NaN,2005,0,0
AL,NaN,NaN,NaN,NaN,2006,0,0
AL,NaN,NaN,NaN,NaN,2007,0,0
AL,25.4,NaN,0.01107,NaN,2008,0,3
AL,25.2,NaN,0.01081,NaN,2009,0,3
AL,20.9,NaN,0.00744,NaN,2010,0,3
AL,16.5,NaN,0.00512,NaN,2011,0,3
AL,14.4,NaN,0.00412,NaN,2012,0,3
AL,13.4,NaN,0.00374,NaN,2013,0,3
AL,13.9,NaN,0.00423,NaN,2014,0,3
AL,16.2,NaN,0.00486,NaN,2015,0,3
AL,15,NaN,0.0042,NaN,2016,0,3
AL,17.3,NaN,0.00521,NaN,2017,0,3
AL,NaN,NaN,NaN,NaN,2018,0,0
RS,NaN,NaN,NaN,NaN,1995,0,0
RS,NaN,NaN,NaN,NaN,1996,0,0
RS,NaN,NaN,NaN,NaN,1997,0,0
RS,NaN,NaN,NaN,NaN,1998,0,0
RS,NaN,NaN,NaN,NaN,1999,0,0
RS,NaN,NaN,NaN,NaN,2000,0,0
RS,NaN,NaN,NaN,NaN,2001,0,0
RS,NaN,NaN,NaN,NaN,2002,0,0
RS,NaN,NaN,NaN,NaN,2003,0,0
RS,NaN,NaN,NaN,NaN,2004,0,0
RS,NaN,NaN,NaN,NaN,2005,0,0
RS,NaN,NaN,NaN,NaN,2006,0,0
RS,NaN,NaN,NaN,NaN,2007,0,0
RS,NaN,NaN,NaN,NaN,2008,0,0
RS,NaN,NaN,NaN,NaN,2009,0,0
RS,NaN,NaN,NaN,NaN,2010,0,0
RS,NaN,NaN,NaN,NaN,2011,0,0
RS,33.9,NaN,0.02053,NaN,2012,0,4
RS,34.2,NaN,0.02057,NaN,2013,0,4
RS,32.1,NaN,0.01795,NaN,2014,0,4
RS,32.7,NaN,0.01918,NaN,2015,0,4
RS,32.8,NaN,0.01937,NaN,2016,0,4
RS,32.7,NaN,0.01918,NaN,2017,0,4
RS,34.4,NaN,0.02046,NaN,2018,0,4
EA12,NaN,27,NaN,0.04489,1995,0,40
EA12,NaN,26.9,NaN,0.04433,1996,0,40
EA12,NaN,26.7,NaN,0.04291,1997,0,40
EA12,NaN,25.7,NaN,0.03974,1998,0,40
EA12,NaN,25,NaN,0.03751,1999,0,40
EA12,23.4,20.6,0.00026,0.03266,2000,0,164
EA12,23,19.7,0.00026,0.03044,2001,0,164
EA12,22.8,18.9,0.00025,0.02766,2002,0,164
EA12,22.7,18.8,0.00024,0.02608,2003,0,164
EA12,22.5,18.9,0.00025,0.02652,2004,0,164
EA12,22.3,18.4,0.00024,0.02552,2005,0,164
EA12,22.2,18.5,0.00024,0.02523,2006,0,164
EA12,22.5,18.9,0.00024,0.02607,2007,0,164
EA12,23,19,0.00025,0.02631,2008,0,164
EA12,22.7,18.7,0.00024,0.02596,2009,0,164
EA12,23.2,19.3,0.00026,0.02851,2010,0,164
EA12,23.8,20.6,0.00027,0.03482,2011,0,164
EA12,24.3,22,0.00029,0.04091,2012,0,164
EA12,24.4,21.9,0.00029,0.04162,2013,0,164
EA12,24.7,22.3,0.0003,0.04168,2014,0,164
EA12,24.7,22.3,0.0003,0.04177,2015,0,164
EA12,24.8,22.1,0.0003,0.04168,2016,0,164
EA12,24.7,22.3,0.0003,0.04226,2017,0,164
EA12,24.6,23.1,0.0003,0.03595,2018,0,164
EU15,NaN,27,NaN,0.04489,1995,0,40
EU15,NaN,26.9,NaN,0.04433,1996,0,40
EU15,NaN,26.7,NaN,0.04291,1997,0,40
EU15,NaN,25.7,NaN,0.03974,1998,0,40
EU15,NaN,25,NaN,0.03751,1999,0,40
EU15,22.3,19.7,0.00018,0.02808,2000,0,215
EU15,22,19,0.00018,0.02644,2001,0,215
EU15,21.6,18.2,0.00017,0.02426,2002,0,215
EU15,21.3,18,0.00017,0.02294,2003,0,215
EU15,21,17.9,0.00017,0.02326,2004,0,215
EU15,21,17.6,0.00017,0.02244,2005,0,215
EU15,20.9,17.6,0.00016,0.02212,2006,0,215
EU15,21.5,17.9,0.00017,0.02258,2007,0,215
EU15,22.1,18.1,0.00018,0.02269,2008,0,215
EU15,21.9,18,0.00017,0.02259,2009,0,215
EU15,22.4,18.4,0.00019,0.02431,2010,0,215
EU15,23,19.7,0.0002,0.02939,2011,0,215
EU15,23.3,20.8,0.0002,0.03432,2012,0,215
EU15,23.3,20.8,0.00021,0.03507,2013,0,215
EU15,23.5,21,0.00021,0.03503,2014,0,215
EU15,23.4,21,0.00021,0.03513,2015,0,215
EU15,23.6,21,0.00021,0.03506,2016,0,215
EU15,23.7,21.2,0.00021,0.03559,2017,0,213
EU15,23.7,20.2,0.00021,0.02438,2018,0,213
EU19,NaN,32.2,NaN,0.06834,1995,0,48
EU19,NaN,31.7,NaN,0.06418,1996,0,48
EU19,NaN,31.2,NaN,0.06182,1997,0,48
EU19,NaN,30.3,NaN,0.05951,1998,0,48
EU19,NaN,29.8,NaN,0.05814,1999,0,48
EU19,29.2,27.1,0.00028,0.05759,2000,0,259
EU19,28.7,26.3,0.00028,0.05436,2001,0,259
EU19,28.2,25.5,0.00027,0.05172,2002,0,259
EU19,27.5,25,0.00026,0.04988,2003,0,259
EU19,27.1,24.9,0.00025,0.04935,2004,0,259
EU19,26.9,24.5,0.00024,0.04777,2005,0,259
EU19,26.8,24.3,0.00024,0.04672,2006,0,259
EU19,27,23.9,0.00024,0.04476,2007,0,259
EU19,27.1,23.7,0.00023,0.0422,2008,0,259
EU19,26.5,23.2,0.00022,0.03992,2009,0,259
EU19,26.8,23.1,0.00022,0.04016,2010,0,259
EU19,26.9,24,0.00022,0.04386,2011,0,259
EU19,27,24.8,0.00022,0.04636,2012,0,259
EU19,26.9,24.6,0.00022,0.04625,2013,0,259
EU19,26.9,24.4,0.00022,0.04572,2014,0,259
EU19,26.6,24.3,0.00022,0.04539,2015,0,259
EU19,26.8,24.3,0.00022,0.04448,2016,0,259
EU19,26.7,24.3,0.00022,0.04442,2017,0,250
EU19,26.5,20.2,0.00022,0.02438,2018,0,250
EU27,NaN,33.4,NaN,0.07653,1995,0,49
EU27,NaN,32.8,NaN,0.07228,1996,0,49
EU27,NaN,32.3,NaN,0.06926,1997,0,49
EU27,NaN,31.4,NaN,0.06653,1998,0,49
EU27,NaN,30.8,NaN,0.06534,1999,0,49
EU27,34.6,33.3,0.00036,0.08481,2000,0,282
EU27,34,32.6,0.00035,0.08053,2001,0,282
EU27,33,31.6,0.00033,0.0774,2002,0,282
EU27,32.1,30.9,0.00032,0.07499,2003,0,282
EU27,31.4,30.4,0.0003,0.07128,2004,0,282
EU27,30.9,29.9,0.00029,0.06876,2005,0,282
EU27,30.2,29.3,0.00028,0.06647,2006,0,282
EU27,29.9,28.7,0.00027,0.06322,2007,0,282
EU27,29.7,27.8,0.00025,0.05872,2008,0,282
EU27,29.1,27.6,0.00024,0.05826,2009,0,282
EU27,29.3,27.4,0.00025,0.05755,2010,0,282
EU27,29.4,28.2,0.00024,0.06041,2011,0,282
EU27,29.1,28.5,0.00024,0.06211,2012,0,282
EU27,28.9,28.1,0.00024,0.0605,2013,0,282
EU27,28.7,27.8,0.00023,0.0594,2014,0,282
EU27,28.4,27.5,0.00023,0.05841,2015,0,282
EU27,28.5,27.1,0.00023,0.0557,2016,0,282
EU27,28.3,26.9,0.00023,0.05437,2017,0,272
EU27,28,20.6,0.00022,0.02525,2018,0,272
UK*,NaN,NaN,NaN,NaN,1995,0,0
UK*,NaN,NaN,NaN,NaN,1996,0,0
UK*,NaN,NaN,NaN,NaN,1997,0,0
UK*,NaN,NaN,NaN,NaN,1998,0,0
UK*,NaN,NaN,NaN,NaN,1999,0,0
UK*,22.2,16.7,0.00101,0.01291,2000,0,39
UK*,22,16.8,0.00098,0.01286,2001,0,39
UK*,21.9,16.4,0.00096,0.01246,2002,0,39
UK*,21.6,16.2,0.00096,0.01201,2003,0,39
UK*,21.3,16.4,0.00094,0.01205,2004,0,39
UK*,22,17.2,0.00101,0.01308,2005,0,39
UK*,21.9,17.9,0.00102,0.01399,2006,0,39
UK*,23.4,18.5,0.00117,0.01486,2007,0,39
UK*,23.5,18.6,0.00115,0.01529,2008,0,39
UK*,23.3,18.8,0.00112,0.01544,2009,0,39
UK*,23.6,18.5,0.00113,0.01477,2010,0,39
UK*,23.7,18.3,0.00115,0.01509,2011,0,39
UK*,24.3,19.2,0.00121,0.01651,2012,0,39
UK*,24.4,20.2,0.00121,0.01829,2013,0,39
UK*,25,20.3,0.00127,0.01837,2014,0,39
UK*,24.8,21.3,0.00126,0.01946,2015,0,39
UK*,24.8,21.7,0.00128,0.01923,2016,0,39
UK*,25.5,21.7,0.0014,0.01898,2017,0,37
UK*,25.5,21.7,0.00141,0.01892,2018,0,37
Nordics,NaN,NaN,NaN,NaN,1995,0,0
Nordics,NaN,NaN,NaN,NaN,1996,0,0
Nordics,NaN,NaN,NaN,NaN,1997,0,0
Nordics,NaN,NaN,NaN,NaN,1998,0,0
Nordics,NaN,NaN,NaN,NaN,1999,0,0
Nordics,16.9,11.9,0.00119,0.01008,2000,0,18
Nordics,16.8,12,0.00115,0.01014,2001,0,18
Nordics,15.8,11.6,0.00103,0.00969,2002,0,18
Nordics,15.8,11,0.00099,0.00902,2003,0,18
Nordics,16.3,10.8,0.00106,0.00886,2004,0,18
Nordics,17.2,11,0.00115,0.00835,2005,0,18
Nordics,16.2,10.7,0.00105,0.00728,2006,0,18
Nordics,16.3,10.3,0.00109,0.00663,2007,0,18
Nordics,16.6,10.7,0.0011,0.00746,2008,0,18
Nordics,18.6,11.1,0.00134,0.00865,2009,0,18
Nordics,18.2,11.2,0.00127,0.00812,2010,0,18
Nordics,17.5,11,0.00121,0.00771,2011,0,18
Nordics,17.6,11.2,0.00122,0.00732,2012,0,18
Nordics,17.9,11.1,0.00126,0.00717,2013,0,18
Nordics,18.3,11.4,0.00132,0.00729,2014,0,18
Nordics,19.2,11.6,0.00143,0.00781,2015,0,18
Nordics,18.4,11.8,0.00131,0.0078,2016,0,18
Nordics,17.6,11.5,0.00123,0.00745,2017,0,18
Nordics,17.3,9.6,0.00116,0.0045,2018,0,18
North England,NaN,NaN,NaN,NaN,1995,0,0
North England,NaN,NaN,NaN,NaN,1996,0,0
North England,NaN,NaN,NaN,NaN,1997,0,0
North England,NaN,NaN,NaN,NaN,1998,0,0
North England,NaN,NaN,NaN,NaN,1999,0,0
North England,9.8,6.6,0.00071,0.00412,2000,0,11
North England,10.4,6.3,0.00086,0.00399,2001,0,11
North England,9.6,6.1,0.00076,0.0041,2002,0,11
North England,8.5,6.2,0.0006,0.00502,2003,0,11
North England,8.1,6,0.00058,0.0052,2004,0,11
North England,8.8,6.1,0.00063,0.00557,2005,0,11
North England,8.4,6.3,0.00063,0.00589,2006,0,11
North England,9.1,6.3,0.00066,0.00575,2007,0,11
North England,8.1,6.2,0.00057,0.00598,2008,0,11
North England,8.4,6.2,0.00058,0.00615,2009,0,11
North England,8.1,5.8,0.00059,0.00529,2010,0,11
North England,8.2,5.8,0.00062,0.00533,2011,0,11
North England,8.9,6.2,0.0007,0.00598,2012,0,11
North England,9.8,6.3,0.00078,0.00606,2013,0,11
North England,9.5,6.1,0.00081,0.00579,2014,0,11
North England,9,6.7,0.00073,0.00673,2015,0,11
North England,9.4,6.6,0.00086,0.00636,2016,0,11
North England,10,6.8,0.00093,0.0064,2017,0,11
North England,10.2,7,0.00097,0.0065,2018,0,11
Low Countries,NaN,10.5,NaN,0.01012,1995,0,11
Low Countries,NaN,10.8,NaN,0.01082,1996,0,11
Low Countries,NaN,11.2,NaN,0.0114,1997,0,11
Low Countries,NaN,11.5,NaN,0.01198,1998,0,11
Low Countries,NaN,11.5,NaN,0.01165,1999,0,11
Low Countries,20.9,9.3,0.00148,0.0089,2000,0,23
Low Countries,20.9,9.4,0.00149,0.00914,2001,0,23
Low Countries,20.8,9.4,0.00152,0.00872,2002,0,23
Low Countries,19.9,9.1,0.00141,0.00792,2003,0,23
Low Countries,20.3,9.1,0.00144,0.00774,2004,0,23
Low Countries,20.9,9.1,0.00147,0.00771,2005,0,23
Low Countries,20.6,9.1,0.0014,0.00741,2006,0,23
Low Countries,20.7,9.2,0.00139,0.00743,2007,0,23
Low Countries,20.8,9.2,0.00137,0.00711,2008,0,23
Low Countries,20.4,9.4,0.00142,0.00727,2009,0,23
Low Countries,19.9,9.5,0.00136,0.00764,2010,0,23
Low Countries,19.2,9,0.00128,0.00733,2011,0,23
Low Countries,19.4,9.4,0.0013,0.00785,2012,0,23
Low Countries,19.5,9.3,0.00132,0.00784,2013,0,23
Low Countries,19,9.4,0.0013,0.00799,2014,0,23
Low Countries,19.3,9,0.00132,0.00727,2015,0,23
Low Countries,18.8,9,0.0013,0.00693,2016,0,23
Low Countries,18.7,9.1,0.00129,0.007,2017,0,23
Low Countries,18.7,NaN,0.00127,NaN,2018,0,23
